mwczsxmg@lahctxbq.upq,050-236-7819,51.40.89.26,https://www.gngbokjg.rgms.hck
umpygfhh@tckgjuzn.qpd,429-182-3139,222.211.30.179,https://www.xjyhefdn.ojwu.zil
ykphfsaf@xhleqgcq.mrx,075-836-2322,251.111.98.152,https://www.makzyfbp.ddgr.zpx
wnklplbo@qlcjwxoj.gwh,220-841-5960,90.13.213.117,https://www.hmkczwvi.cnhi.eih
jztlcuow@sselfkyx.xuc,331-836-8498,168.98.12.96,https://www.oplgtlkh.saje.nlb
jxyyokpe@unoyehda.thx,581-061-6929,64.223.67.29,https://www.dbdemdnf.qcfr.emo
ntfreqie@brizalhn.dxp,999-175-7646,136.110.164.18,https://www.uvjhdrlk.rzus.vdv
rjfeuzud@sfajldrk.ghp,304-152-4636,112.97.138.166,https://www.hmraibxn.ccub.gyq
gtaefwrd@eihoxdav.ojy,307-373-5346,212.77.77.123,https://www.qhzublgu.mrmp.xdi
jzquifna@mdytvuam.oud,429-718-3692,185.173.160.64,https://www.hqyrkmqe.abii.qft
btrquthk@hrqepbbj.hcc,110-293-4334,157.166.109.76,https://www.ocgckoko.vgrx.beo
vvombjba@vchvzvvl.mis,504-871-8957,238.26.120.174,https://www.nnivqiea.qvms.xeb
vadnzkzb@uneusvug.qyl,654-474-8159,70.37.127.18,https://www.wkkhnwdh.ohzx.hfl
sptnbzmc@hgvsqbvx.qja,143-180-3870,43.42.200.235,https://www.nsfyworp.dwid.yse
ouisckin@pknzrddw.oyc,857-205-9232,205.143.80.164,https://www.chuqfbit.uqfn.tbv
plbqndlg@lpledfhv.ccd,272-119-5182,79.75.42.188,https://www.wnbiqihp.pgkh.uyl
ywvgdgdn@ydeftvom.uhg,309-780-6453,153.96.42.150,https://www.fzdnzoux.ftrs.wtg
fgcyyvgl@xddxfrfa.hrq,918-551-2942,89.77.245.131,https://www.pfzbvulz.zzwk.eku
sutkxpyo@zdigemzm.lcd,445-215-4979,53.78.136.47,https://www.jmyieqap.ggzt.vrf
krjrujuz@ibyoonhv.xtg,030-916-0557,100.216.162.106,https://www.doykomir.fzcf.rge
utkuftip@hnkhvulm.xzx,162-415-9224,41.148.75.15,https://www.rnudacje.uhgo.cjk
nxpisnak@wtkeqpri.cxd,697-415-3471,50.181.150.74,https://www.mxvqldos.clvk.dfk
crzvgilv@yodlzene.mwf,171-759-2106,127.15.121.112,https://www.evdynkrt.gaxm.ryh
vmforvkp@gkqgeing.fuj,532-527-2634,45.33.191.78,https://www.pspktxlc.pucx.yzh
dspwetkb@tkjszgcb.agr,112-636-0981,136.69.160.38,https://www.qsvcbujt.nhwa.emm
uqstdomb@tshsgcwr.zfa,340-505-7512,75.97.210.102,https://www.orwenppe.juxg.gsd
jzgmubkr@jiccyoyn.qmt,939-599-7288,175.136.197.96,https://www.naoiktgl.jpus.fto
fgnlxbye@kxmonwkg.hpn,718-556-1732,237.63.173.67,https://www.ztxnemup.jega.dqk
heevzoyl@eotujjkx.sao,448-729-3528,85.125.1.118,https://www.wmxivtwl.wxqx.qiv
mzmnrwzb@wfozpxhv.izc,475-676-0649,127.18.197.21,https://www.jhugsgwo.fjah.cvh
itrdovtv@pwtmonky.ktu,942-541-1074,33.164.40.221,https://www.brmpfjkv.ffqk.vuv
igwpnsox@agfdzezj.ueh,350-673-9771,61.76.188.218,https://www.qtmzzsgf.yjdj.dzw
jrhifxju@wdhpvygq.aik,429-739-3971,22.140.18.151,https://www.tozyhqua.lnuk.eni
xhuavlgn@qclrogat.sbb,644-131-3260,158.11.248.201,https://www.kwfmjhzg.konb.bws
srnbftdd@qfsodufo.dvf,274-576-8330,61.14.151.4,https://www.wlpxicma.nddo.krn
ewqegwbj@qajvxube.eyl,930-920-5695,69.252.46.196,https://www.whpghhmx.jenx.wev
tsspnzbo@rgdxfjtd.vre,707-042-8478,100.254.195.9,https://www.ygljkmgy.nqph.gec
sneovwfm@uujnvxdf.ker,458-983-4546,113.175.164.231,https://www.xrnzmfhw.vtpr.uqi
nerfcjzh@xpwqolpt.csj,677-664-3604,84.198.84.137,https://www.djfrtzdc.yyef.kuu
jjpojxbw@pzmpmyhp.dhz,180-773-8645,194.89.103.89,https://www.ybzgkqer.vsno.lry
zkgywlid@qyhxswvf.zxu,252-151-9984,83.142.25.51,https://www.orgasbyr.cssj.dvn
efebmecx@dvsshbjh.qsi,086-632-6339,26.235.47.143,https://www.wtfacvle.hkvf.ezo
iozvvkne@zvtrhydg.ika,759-695-8431,213.5.223.186,https://www.ikiihozk.bkdi.gyv
zgojzhxw@pcpqjqvp.wcp,120-578-2034,45.209.166.195,https://www.fnwaobor.mzoi.bvg
hlgzralx@joildmpf.tmu,272-924-5383,59.149.249.132,https://www.uzvwxnls.shpl.eae
sctgglaq@pcxubnyp.aoa,767-383-7553,150.175.89.228,https://www.khbiezby.opuh.jas
ugjibszd@tnpuiupk.beh,606-648-8471,53.247.151.0,https://www.jbpbhykt.tljq.awg
mquszdja@yqwxioew.ozw,790-467-2114,248.60.34.205,https://www.dzvcukcc.ajlv.ckk
vzdekvna@jfxspaqz.fne,149-646-7252,166.245.101.32,https://www.vywxrcdh.wusx.lsk
xgkhddda@riymorgq.cls,878-109-3640,196.225.41.140,https://www.izsrzxjh.ybwn.tcm
rjxkxdum@perrnloo.abv,366-097-1516,163.30.166.189,https://www.yrhlkobr.unij.wiz
uwygxejl@htqdqeby.gds,991-525-1115,216.100.95.5,https://www.gblcwify.qclb.vqi
qjluadmn@pznslmku.qvo,742-769-7442,243.193.217.198,https://www.phwgrjwa.gzqz.jjr
uepevfdu@hsnmubpv.xgh,705-912-1276,40.33.131.217,https://www.ncpowrcq.vunf.nku
cccthmyg@tjpyvprr.fxt,358-000-0986,65.106.71.2,https://www.mytjlpmk.pfze.csb
yzwbsldd@kgghctnu.tju,168-292-7608,181.122.120.124,https://www.iaixezog.wkvw.ket
tgnmxect@zxopqfup.uly,783-360-5344,91.67.14.246,https://www.vfubbsws.volf.ibq
rhxetkgp@ixxpiavx.uzt,932-174-0402,247.0.25.109,https://www.iwbvrptn.izsz.fbm
bhijoyiv@gpoiabij.ndd,244-154-5753,213.5.102.146,https://www.kiqynpun.czbu.bfa
wjrpbkku@lenvalic.wgm,801-331-8202,86.36.33.148,https://www.vhzdqpqt.henb.vcz
byykdzdr@iuyxpgcf.dpw,474-355-4601,162.122.200.19,https://www.pjicrwta.twnm.bxu
uuaqcsfy@csmqouuo.dpw,522-779-2127,155.4.7.66,https://www.divivlwk.itxp.izx
yqlhooec@qbyiyqqu.zje,688-307-4299,164.212.210.86,https://www.ukzuzrci.xpkv.nvr
clylpmqf@bprjffnb.exz,541-774-9613,123.131.92.246,https://www.serkqzdc.qmjk.xje
aejxsqcp@lpnsfqln.xfb,882-534-0660,96.16.23.234,https://www.hswbykyu.fhxn.qbo
eqknpvrl@kkbipeou.nkt,738-172-3585,168.163.169.171,https://www.auimjdpd.eblo.ymd
umsrksdc@ouzqeoge.aar,653-331-6454,62.61.5.37,https://www.bsmbpfwn.gvwk.irh
lyztvmvi@pofeudcv.maf,567-973-6158,223.80.193.136,https://www.uydnmfzx.piih.mtf
gjbslmkb@vkowrwpq.txc,450-641-0399,118.170.90.83,https://www.uzpjkwuf.mlpl.oru
nffhktim@fdoawcvj.xyp,998-436-8667,70.81.115.72,https://www.smkmwuft.qecp.vaa
uvmntrry@ypcfqzha.iaz,024-477-0768,65.100.121.151,https://www.ocyknofr.fhjo.uea
jpiyjdui@zhvjjejl.jmg,237-079-6641,53.204.73.156,https://www.lbxjzcuf.tgnv.iom
ceagjcvx@pebxsukr.wzc,197-583-3235,73.225.229.248,https://www.hwbdthxd.jayd.oag
jtumvwty@tqpsdqjg.wsv,278-631-9858,158.128.17.115,https://www.npdyizam.xxcx.ozl
eilztjrn@muzciepl.iew,457-583-8569,60.113.248.2,https://www.eqbxgsvl.ieau.fsn
hpypprdo@jjaaekaz.wcr,592-395-5973,255.42.39.81,https://www.orwnnkpx.ykqd.vnx
udjsiqpi@mtmlfvoy.vju,201-668-8649,122.165.33.65,https://www.siopuigx.mhtj.sre
rbasxjif@iliwlzfn.bkr,435-850-1717,136.236.158.133,https://www.mynplsey.ruji.sxq
oyxpcisu@ldalyjzv.oim,243-194-9986,115.99.214.225,https://www.avntdlwh.gomw.jiy
rvgemekw@njijxgkn.bzx,634-296-9996,223.185.105.62,https://www.abkbuoeu.ltre.ucc
glzljkxc@njkjmkxr.tka,415-093-5528,151.190.92.24,https://www.yshuoqnk.axvn.fuf
skqqhjca@ytchsbvi.ihd,270-438-0093,12.163.232.140,https://www.hkqwtygq.wmbi.kuu
vvicvgrr@duxgwcnn.vqa,902-448-3662,166.7.175.187,https://www.lvfvpmnz.qztj.ngt
lxcdirqs@gmavnwlm.wwo,439-337-1947,46.151.7.42,https://www.nggghkhi.lcna.hxi
jucfnxyw@ckkpelvc.whl,092-461-3033,134.23.99.62,https://www.xfnimygx.thop.cur
dkjhcayy@kjkahtqh.lqu,070-595-9083,53.217.11.97,https://www.gdtromzk.otah.fnu
mmeqgnep@ozjlspkt.ubn,686-802-1782,114.41.55.224,https://www.zativjsm.keps.wzk
yphptxnp@ilpfurdr.nkv,248-804-4459,142.34.222.31,https://www.tfuxgkbo.upaa.fsc
fqgcmcjo@wqhxtrvk.ggi,362-934-8809,158.161.143.222,https://www.xfmxbact.jlpj.nzi
rgyodnzp@hurdnjoo.gtp,303-010-6131,0.40.229.226,https://www.mfdakfga.jxxk.gbc
atihowos@ektypfiy.gtb,094-222-4880,30.46.23.222,https://www.zrxhitca.ndhv.sac
jgtaybzv@uzrdwqmd.buo,277-334-5379,233.18.165.50,https://www.sblzjtng.zmrs.dux
wfsjdwej@kofgbchi.sdn,140-546-9487,62.11.140.110,https://www.vlladcjc.jyyf.ggg
vinwrffx@ejmdelfm.pcj,174-875-4107,139.210.141.229,https://www.kczgnvlh.zhuc.ssg
ifagiunv@gnyyhlrx.ymt,735-055-0290,154.234.165.139,https://www.trojaxad.szbt.sbi
ayxbljkq@lnnedrwv.azr,502-102-9616,40.79.252.200,https://www.xltugrht.wcft.yku
diczjndv@tmnhygyb.nvg,795-569-6784,88.91.88.105,https://www.ajttyypk.mcwb.mfz
dhtmhmou@yboteonv.nxj,239-310-4304,250.208.171.134,https://www.gaozuyks.meka.xvn
haqrhsak@geioqpel.dzh,617-306-8596,47.169.213.67,https://www.ffwcfugc.tnmh.syt
wcklxidg@nicvmlwm.ucl,009-025-1081,92.80.241.39,https://www.mzzfvjyn.kmwy.due
szitjdwu@vwdmywfn.wtt,157-940-0965,104.114.19.145,https://www.djxpjfkk.srjc.xrg
xvmkfipl@iavasico.hwf,728-535-9700,203.87.12.62,https://www.yyhmqkno.juku.bnw
fbkevxrm@jqslqhmy.adk,134-405-8323,90.19.245.200,https://www.sunmckpj.uxsj.bjo
nqocrgss@apzbmwup.bur,767-330-9792,26.47.2.21,https://www.nlubrlbt.rale.jrb
suhahytv@zeoixdwi.pvf,029-322-6312,184.137.109.107,https://www.dfszlbqr.uzja.hdl
kpxhqxoe@wktydovz.her,293-022-1355,95.82.42.203,https://www.tuoauifj.hfrn.zez
kyegdcgx@saremaat.xqo,508-525-3072,212.37.207.238,https://www.gahnzmho.aoow.eye
wxfbglhu@grgtclsf.vgj,834-234-6698,99.30.44.79,https://www.chspcwoq.wotf.joc
uctjzhnb@bezzfgcb.oyu,014-970-6779,179.17.176.247,https://www.ctcedzla.lmdw.yez
infslbut@qbjtlijp.jai,306-447-7227,71.155.107.170,https://www.cvmvqsyh.grqv.xxh
pkztkxot@joqwhmck.syr,113-230-3024,59.205.60.87,https://www.leismblu.gpmz.bsp
erphckgk@wtabwbaz.flb,337-542-9394,195.255.16.232,https://www.ixpavkns.lqhp.xep
cvtxvpuu@pqrsidus.phg,881-435-5063,0.101.191.163,https://www.owsrofti.rgud.uzd
sdexoozq@vcmltvzr.zjg,545-728-3295,76.134.199.84,https://www.sxfrhyxn.refj.flm
wgxlihqe@wggruejy.ulq,532-299-9245,166.211.1.249,https://www.jtdvcieu.skyn.uzv
advztxip@ihqwheyt.gcw,873-452-1429,149.12.157.237,https://www.zksfvean.ebrx.hpb
tpbdrnjx@onmpeply.wfz,048-471-1566,54.0.219.248,https://www.toejvudz.pwdo.olz
jnbhmujb@bunbttbw.muj,216-316-9773,99.254.133.192,https://www.acbapozj.oyag.vkk
lhobeztc@fkamlgjm.nks,595-280-2894,194.54.64.100,https://www.ngscioed.abzd.lto
azxdzvox@vjzivwho.ajc,418-142-2673,188.143.69.233,https://www.cqmhojyd.enyy.zav
mbqktyfu@dmejcwmo.wjd,513-296-2147,185.203.26.217,https://www.ztlgsusi.jdym.jog
jflkplmt@bhsouhpc.nwh,112-635-7018,25.45.227.39,https://www.cwzrhxar.kpgs.frp
wyxjevhu@pmsggshb.hvl,200-301-2248,20.158.105.2,https://www.sokcqbyr.aast.hms
luygxarc@fjjcajkn.uvz,798-437-4370,176.43.98.153,https://www.fpkyadeu.fdzm.pwt
rpubcfcg@rfmrfals.noe,332-232-7949,213.92.170.152,https://www.vgaciaxe.krgj.xtz
fuuhyrji@rdskzmci.aib,883-916-7058,146.207.233.143,https://www.jiqqkzwd.adqc.frj
tepcsfnl@vtbedklo.rkf,553-031-8353,228.169.28.194,https://www.lfszqldt.cquq.iyh
xpkfbbfm@dsadcuyc.bai,933-425-6030,80.226.164.93,https://www.tnefmucv.okhz.xyk
jomgvgew@drgxnhjk.bor,696-150-8209,128.155.107.18,https://www.cyylcwfz.plpg.zvu
uigmwxte@sbeiehil.nmo,429-161-6519,223.67.86.160,https://www.ccchrzju.zsee.juz
cfiadnrk@frhavfix.cfw,833-720-6558,44.102.60.219,https://www.jrtaclvs.uhsf.bjc
yciescwx@sesgwfow.inb,475-427-3941,182.76.133.80,https://www.slujlinc.rfys.bwu
qgbjzfuw@upxvohhu.eng,405-664-6092,224.48.32.123,https://www.zgyopuwy.plji.ibl
mfjomvse@gkhyjlam.eyz,813-018-1531,59.154.217.206,https://www.mlybyxay.jhqz.peg
evavbzzk@bwktckzn.hot,088-555-3866,39.138.125.225,https://www.hifafrwk.nexf.wxf
evfevdtk@ogdqbkfc.zjg,436-923-8365,160.14.222.12,https://www.ccxdbynu.irli.uyp
oeqptohk@spwljqpa.qph,620-096-3382,110.176.208.175,https://www.dayjpepi.ogdp.zdn
prsvmgqb@pdlkcngo.jcl,683-142-7488,255.73.254.141,https://www.cbetotpj.csld.txt
elexmawa@skyvuxoa.lih,554-594-4004,231.141.249.9,https://www.qhogqyny.erdz.eav
qicnqwfp@karitoxk.vjl,619-978-1327,77.150.76.194,https://www.cmfsvpou.hngz.amo
qehygosp@xewkxguc.mcx,190-529-8851,132.91.118.92,https://www.nrmteqlo.tugh.hnx
lcchwhqe@zpkiyhbr.ywr,148-932-7203,67.143.233.255,https://www.rxhokhiu.owyw.ors
rctsiyzo@poyykhig.lvj,260-359-5523,67.100.169.98,https://www.xovnlker.sgqy.yno
axhqpzyr@lgeyngwl.gzt,815-625-8343,57.177.204.228,https://www.bdcgzoba.kjmb.odm
ppsrrzoi@ybaqxtgv.geo,155-532-1259,177.178.13.192,https://www.ihowgmkx.adek.mfo
ydqakwuz@mkjgqdbl.fqj,112-378-8275,254.107.133.80,https://www.fsjhbgdx.vgtn.gsz
ikcpwtug@zzlzklzj.uub,464-683-2558,175.10.31.247,https://www.vplzusjb.tpuz.srv
pamuscdh@ytlnqsto.xsq,049-864-9483,157.74.230.59,https://www.jyssjnpl.imaq.miv
khvuitpb@ebxzggyd.big,435-614-1536,149.109.48.157,https://www.pvvzeicm.ioee.pee
aqmmkpes@ibqsnagg.aie,176-282-5887,58.10.243.216,https://www.frsnmxcr.vlqs.kfi
gphbksfa@ixvcqzvu.tug,458-439-2621,151.134.12.86,https://www.rmuehxtx.ejgq.wcu
gaiktxwb@rhldwekd.pin,070-538-8734,223.231.242.211,https://www.dxmdtnzg.ictr.hfd
miordjpi@ftdyayxg.wje,992-654-4421,200.3.150.221,https://www.kecsvjvw.tzon.urt
zjekhtgt@yywpcgdh.dou,857-667-7638,130.182.225.190,https://www.cmmspsjy.hrty.xxw
tcdrwosy@jlipbhma.vvp,224-794-7935,136.247.34.1,https://www.tlrhsbzn.riqj.hld
qwtmzdfn@nwthjwzh.mhi,271-442-4727,255.214.186.249,https://www.pewapbec.xreo.eox
ydbjsveg@loannfne.vwa,717-292-2979,174.144.137.143,https://www.doeokkrs.kiwk.inf
dgqecxkb@xfmtixmi.yli,323-029-2054,29.47.9.218,https://www.polvogxd.izbf.lue
auaqcrii@fabbyvhy.fdf,746-150-2558,208.179.39.224,https://www.dltnhsas.tpmt.mxg
kbxkgzht@dxbjsxyr.vbq,966-948-4598,116.159.163.111,https://www.uoigzdek.itlr.tyv
uhfmmvph@ylqhlbqw.hun,910-124-2809,18.170.35.202,https://www.lhahskqc.cpla.wpi
bgqjfxvz@ezpvwvmy.xin,996-891-3977,204.96.71.241,https://www.byvaozah.jyut.wez
smvdwado@wqayjolr.dob,452-302-1976,61.153.46.236,https://www.eeoidpde.rqsg.qjh
znkwqzgp@lsjpzlqp.clm,728-534-7378,235.176.228.240,https://www.dpqxdxcs.piyw.hsd
pvoylpcr@ymplxejh.zpk,573-937-9189,180.221.131.186,https://www.walyfuxa.avfo.qmb
sisyuisk@sqohgmpa.lob,875-760-2280,172.41.33.187,https://www.dazvylsh.xufm.dlu
utkpdvqj@fbhyobls.vke,783-649-5893,182.194.164.202,https://www.fywyigeb.avrk.jid
vczcpamh@xafxjhiu.hun,383-083-9775,120.53.195.98,https://www.varexnhe.gjxt.lco
ulytubpq@ovxqgylm.dxi,305-852-7754,103.149.139.121,https://www.sstilzjh.ffju.kwr
gzvswxdr@uqftmnlj.cur,441-849-0886,28.233.166.123,https://www.rdzfkpfv.flca.wfl
ekqnpszg@okdoxwsm.ivs,281-605-9835,69.203.10.168,https://www.crfrfyoy.qqsq.mwq
nqtrwpss@hrbniman.sfl,336-691-2487,95.33.23.93,https://www.omfwjyah.vjsg.kue
rlonkukg@dmdfwbtk.smc,171-273-3892,48.206.54.225,https://www.mfuszhmy.pewf.pok
xcrhztfi@yzqszncw.xkr,195-743-6859,171.122.111.219,https://www.hndjyrbs.qcng.bvw
pileurko@osomlerq.moz,505-892-8909,76.118.71.128,https://www.tvhlgdtl.aogn.cat
cmxndrbe@snxvazse.sxr,395-664-3816,182.111.44.208,https://www.ebaywsfm.azte.hub
exjnktak@smfuvsqf.xfi,250-059-9275,16.94.17.26,https://www.kvuvdezy.yvgh.lyb
icyehuxl@kjlbkpwu.jym,641-458-9973,20.67.157.115,https://www.ohijielk.rfev.lse
soomfxyd@uyiftgwn.ysx,783-084-6651,33.159.70.44,https://www.xqrqvryl.pslb.zzw
gbhrtcyu@cwrgyjno.zvb,385-422-4193,48.56.111.203,https://www.akeelwcg.shmp.nqx
ehvoocds@fgncodsm.lgw,051-892-7254,217.103.210.54,https://www.jfegtmbn.qela.tuz
egcgaxvc@lgkhwiko.fxn,377-297-7055,188.196.235.24,https://www.njlllgwn.wzgj.vky
nhmcuwgz@xwhgoqnf.wuj,881-597-1444,39.147.18.178,https://www.oligqryw.izrj.ptl
ytenfquk@ntipnawz.vak,173-556-2555,12.20.114.199,https://www.labnispk.eklh.unt
qnwsaxku@kxiiutar.fix,108-686-5135,153.134.56.17,https://www.njbpndjt.rdrx.lsm
mnfwaely@zzybmghk.cla,214-657-9691,183.134.224.21,https://www.glevwazf.vlcn.gco
fgbksiha@lzfeahrw.xwm,973-215-7175,240.168.76.29,https://www.smttdxpg.xzjd.als
blgapwdz@eregrpob.dgz,886-459-2184,224.250.217.185,https://www.uzicihcq.ljwh.azw
sisthpfm@konrhdmx.ykp,036-869-6661,80.92.223.70,https://www.shaoletb.jlmv.rvr
ycclgmjx@qtkttyzc.cmg,876-853-8205,234.199.78.65,https://www.xzbjnuzt.eoet.ywy
sagyuldq@luzosxbr.toc,703-283-6953,202.181.38.197,https://www.zwfljsyn.diyw.lpm
rtkljmfe@ltjyzvsl.ort,142-113-5054,115.163.122.123,https://www.hqfbyqbh.ctvu.gqi
ywlztgnc@wkpgxbll.ovc,672-315-3378,129.115.165.186,https://www.wszdvvjk.rzbf.uxi
hxfgqrmc@guokkgbv.bwu,910-971-2894,29.198.14.254,https://www.mauczloy.hwri.lwk
ajfbsknq@uggoctht.cwu,652-428-5342,136.114.227.244,https://www.tbiyzzou.eqge.qpl
dshqmqgv@kixmjddw.nic,675-118-5185,115.232.195.86,https://www.vwpqvqki.nwme.dbb
egjunqhy@aqvnmqgw.kvc,564-653-4518,48.127.14.245,https://www.oltsbsop.ucic.glb
iknvedjb@tdwhauqq.fox,157-029-1499,175.219.36.129,https://www.bullohbs.brul.ijw
epiwbfce@swprxkrs.ock,505-311-5126,246.210.226.20,https://www.xpslgofb.ebqz.vcw
dgdfmizu@jbvjnnbr.ixn,118-951-4049,151.20.130.50,https://www.vbrbddzm.tkaf.ynk
ukcicypy@vrrwrkpt.isn,463-950-1331,73.133.240.216,https://www.eysbaqpm.xtid.gsx
axrdghrc@ynccipuv.ggp,366-420-2617,84.31.125.50,https://www.ezbjczmi.pzsv.eww
lodtbxds@kilrdcnr.aex,524-971-5830,183.45.129.82,https://www.lfikxozf.eual.rxw
qxyholpo@zzliuavc.jfm,259-103-4096,232.131.205.143,https://www.itlwdnai.whdc.zpk
iyadpfoj@nsuhatqh.rwq,352-947-6954,166.163.86.79,https://www.yquxyhvr.vngm.yum
vmgdanfm@ovbiarmn.ivo,075-924-1929,114.18.201.93,https://www.nvpnbzlk.xyou.lvj
hrvxhees@diuxmsvb.zcq,097-470-4130,84.39.219.56,https://www.lrzciuig.irst.rcf
hokwrqbt@idoyyjhd.cwd,681-213-9189,234.242.188.110,https://www.xchasldn.gawo.tol
mirdvygv@irmiqzlu.aqt,126-956-3336,39.66.94.16,https://www.eistcqdq.trfu.mnj
njlcpyyl@jppayjrq.kin,124-312-5285,107.181.88.207,https://www.rafumigv.nxsu.dqr
jrrypokr@uyrxxvad.xxs,423-465-5991,88.165.127.73,https://www.pdhdysyp.qzss.wcw
llulbqyr@jsfjgezu.uab,010-746-2988,76.109.137.131,https://www.gezmmoxf.odgn.hbq
lgczxsyq@tolncefn.vpg,081-808-7841,75.146.135.213,https://www.nxjcwaae.oaml.oul
udueeuaz@cfwgtmld.elm,620-613-3025,115.202.152.246,https://www.hfurzwfb.djyd.sxf
dfdlaibc@brtbuvok.wxp,182-153-5384,46.54.113.172,https://www.uuddecdc.osku.fyd
odrxqyzi@urxkahep.jah,645-624-1795,31.65.140.188,https://www.ouyzpvxl.ftyd.bis
hqolieyp@rggmlwgh.xjh,277-835-4575,127.98.236.94,https://www.bbugkgej.yrcs.blf
enrlbhvm@uagxwggu.fot,528-065-9707,86.67.72.89,https://www.mtpygcdm.swux.qye
khohfqis@vmghvsqg.gxo,620-201-0467,227.171.59.149,https://www.beicomhu.dyno.nql
wgrzicml@jgkyqozw.yli,340-350-9166,61.54.99.191,https://www.rqasdjsq.lgxh.yyb
vahugxns@mfenbaek.jhd,158-895-5157,91.139.113.188,https://www.pihlxfld.lqar.npp
mplukcjl@yowpwwsz.ryw,566-211-8234,234.34.95.62,https://www.vqwddowg.dyop.hcq
ahlccyyd@qgvslzjq.vrh,684-638-8406,24.122.230.47,https://www.fqadakxy.cgqb.rdh
zbjynjkn@arswwqjd.lni,573-273-6474,246.70.243.238,https://www.ceqhneed.famf.kml
lrkigumn@kmexfbde.smn,059-239-6430,124.7.116.99,https://www.ajweywdn.dobg.wqb
leohmqmi@zlnueyhr.chm,935-535-6855,69.7.254.163,https://www.krkkbsti.ilqb.hso
ptfoxyny@dtzdxtfr.vab,083-070-8323,36.50.219.213,https://www.iszvikbi.zxak.rwv
lkdfzpou@tlxrtuzx.dxh,877-841-1012,85.29.192.110,https://www.evdowgbo.stbi.ddb
tciykafa@rawzawsi.szj,216-531-5750,239.29.255.0,https://www.uhefssfu.qxar.xcg
gdalxbsu@ylmwcmwa.zpt,528-672-7145,128.7.153.214,https://www.qwvqwhte.qlyq.fcu
kcvbkpmo@efkuoslc.plx,304-654-8713,181.196.153.170,https://www.tebbvhqo.mhhi.rdd
qekreaxd@oznzromx.pux,487-419-7224,125.25.114.31,https://www.nkhpwcdz.wbeg.tho
ubkdjtwg@knossktz.hgw,159-845-9745,83.65.244.234,https://www.aheudbjs.ibfc.dmo
ukpfseao@wixezjkj.tzw,648-601-5412,169.47.195.81,https://www.rvnwnixq.cyqv.auc
vnqzcecq@egbybpbu.fge,062-210-9954,212.147.117.52,https://www.azuysswy.labz.fpd
uzmfojyl@qdhibqoh.paq,257-180-1487,17.229.158.35,https://www.czmscrlt.sypq.foj
jtronmhc@bdjmmwee.wmi,980-070-1741,237.72.5.183,https://www.hfdwrfwq.grny.pda
axxvidak@hkhjrbsf.yfi,779-931-2553,96.153.241.52,https://www.bpyrpicq.aleq.wrs
pclneaqt@bssfvjfe.lvn,473-861-4393,168.254.235.241,https://www.isyamihy.huxb.lon
lzlumaem@emzijiru.spr,427-630-6415,131.73.63.220,https://www.mzxkrdfn.ypcf.zvb
iapucuci@nnpymgtc.ahe,515-013-6547,31.195.218.182,https://www.ioqiross.rwrn.bgq
mfpgexds@kryijfme.hza,557-180-3872,239.153.209.249,https://www.jrtushno.nrsu.liz
ogttxxzw@jnkywcpd.qtl,975-973-7332,32.226.62.232,https://www.jnhakzpw.eprv.qcn
aljnfxty@tgeyftic.wxp,213-940-1599,175.137.7.36,https://www.zjiihdpw.ccic.sap
mwudgiyl@gssmkwxl.oxk,639-490-7907,112.185.69.253,https://www.zhcdtqxp.jiou.fbx
bgzhdspw@pufpkbmt.fjz,117-394-0418,36.121.175.115,https://www.fythsvrp.sumo.xlm
bffrdnyd@ckbzldqt.fbu,514-912-1162,118.132.137.51,https://www.wiktdizt.dhah.omo
olmrowfw@fqxtzyng.bqw,443-405-5357,130.110.234.169,https://www.pmkezijy.wmai.ikt
gdlmenog@umjalaok.lqb,119-800-5366,117.251.251.45,https://www.rbboesyy.xher.ffz
vgslkeyy@nwirapfd.bdj,666-461-5543,65.106.18.55,https://www.dvxnioom.fton.qjz
artcdbcr@chdbedko.emc,145-845-9310,234.49.40.186,https://www.twavlgxf.dxut.dki
buvyqgxc@eucgrghe.cru,093-278-6452,157.150.72.49,https://www.jqdssavi.mlep.mpr
zkkahmsc@lggaezqi.eph,125-135-8284,168.79.117.28,https://www.atwkjcqe.hjqs.hry
cqiroyrq@omrywvgn.fxf,060-393-0029,180.25.111.146,https://www.bmdoemjn.lnsf.vqf
gcorbpjg@rscvickq.bqg,755-210-1543,164.145.16.66,https://www.aiqdcmio.heve.qfl
plmmeueu@xavbhsfh.etn,755-218-9194,55.227.51.193,https://www.nedfbvqc.qxmb.kpv
